{
  "configuration": {
    "className": "com.liferay.headless.admin.list.type.dto.v1_0.ListTypeDefinition",
    "parameters": {
      "containsHeaders": "true",
      "createStrategy": "UPSERT",
      "onErrorFail": "false",
      "updateStrategy": "UPDATE"
    },
    "taskItemDelegateName": "DEFAULT"
  },
  "items": [
    {
      "externalReferenceCode": "fd6a3cfa-e1ec-e60a-88ac-e4492f063434",
      "id": 32071,
      "listTypeEntries": [
        {
          "externalReferenceCode": "d12a4978-d1c9-a076-24d4-3b55fe8a2c75",
          "id": 32072,
          "key": "cndncredit",
          "name": "Credit",
          "name_i18n": {
            "en-US": "Credit"
          },
          "type": ""
        },
        {
          "externalReferenceCode": "aeb14ff7-769f-62cc-ebe1-1eae3c397453",
          "id": 32073,
          "key": "cndndebit",
          "name": "Debit",
          "name_i18n": {
            "en-US": "Debit"
          },
          "type": ""
        }
      ],
      "name": "CNDN Voucher",
      "name_i18n": {
        "en-US": "CNDN Voucher"
      },
      "system": false
    },
    {
      "externalReferenceCode": "d544f547-ecd3-0996-f829-90b49306c88e",
      "id": 32074,
      "listTypeEntries": [
        {
          "externalReferenceCode": "7838fdea-e6a8-f445-20d0-6adb63f61d28",
          "id": 32075,
          "key": "cndnusd",
          "name": "USD",
          "name_i18n": {
            "en-US": "USD"
          },
          "type": ""
        },
        {
          "externalReferenceCode": "1f7e056a-502c-c391-2f99-80d7673e887b",
          "id": 32076,
          "key": "cndnsgd",
          "name": "SGD",
          "name_i18n": {
            "en-US": "SGD"
          },
          "type": ""
        },
        {
          "externalReferenceCode": "1eaa2f45-9d6b-a9d5-8cb2-3cd28a88d527",
          "id": 32077,
          "key": "cndninr",
          "name": "INR",
          "name_i18n": {
            "en-US": "INR"
          },
          "type": ""
        }
      ],
      "name": "CNDN Currency",
      "name_i18n": {
        "en-US": "CNDN Currency"
      },
      "system": false
    },
    {
      "externalReferenceCode": "571d2c9b-43dc-7b9b-7764-6021fdcd7e6d",
      "id": 32078,
      "listTypeEntries": [
        {
          "externalReferenceCode": "8ed22e1d-1e4f-f112-61b8-deb25f5498f5",
          "id": 32079,
          "key": "sortingCosts",
          "name": "Sorting Costs",
          "name_i18n": {
            "en-US": "Sorting Costs"
          },
          "type": ""
        },
        {
          "externalReferenceCode": "9aa7224c-8c8b-df22-effb-7007957504de",
          "id": 32080,
          "key": "rebates",
          "name": "Rebates",
          "name_i18n": {
            "en-US": "Rebates"
          },
          "type": ""
        },
        {
          "externalReferenceCode": "293b6d92-d5f5-69cc-0d48-0f77470dd074",
          "id": 32081,
          "key": "priceProtection",
          "name": "Price Protection",
          "name_i18n": {
            "en-US": "Price Protection"
          },
          "type": ""
        },
        {
          "externalReferenceCode": "8afa0fa5-aa3e-ff93-7459-7cea0b726c9e",
          "id": 32082,
          "key": "tooling",
          "name": "Tooling",
          "name_i18n": {
            "en-US": "Tooling"
          },
          "type": ""
        },
        {
          "externalReferenceCode": "a6dbe6b6-50c7-46e1-26d6-d28b8c7f7b17",
          "id": 32083,
          "key": "shippingError",
          "name": "Shipping Error",
          "name_i18n": {
            "en-US": "Shipping Error"
          },
          "type": ""
        },
        {
          "externalReferenceCode": "899b2a27-f36a-5ae6-0739-453768743eb4",
          "id": 32084,
          "key": "pricingDispute",
          "name": "Pricing Dispute",
          "name_i18n": {
            "en-US": "Pricing Dispute"
          },
          "type": ""
        },
        {
          "externalReferenceCode": "31730277-d25d-d558-dcc5-09afd3c3a3b9",
          "id": 32085,
          "key": "adminError",
          "name": "Admin Error",
          "name_i18n": {
            "en-US": "Admin Error"
          },
          "type": ""
        },
        {
          "externalReferenceCode": "ea497730-e58e-72f3-aa86-380e0be6a3a4",
          "id": 32086,
          "key": "others",
          "name": "Others",
          "name_i18n": {
            "en-US": "Others"
          },
          "type": ""
        }
      ],
      "name": "CNDN Reason",
      "name_i18n": {
        "en-US": "CNDN Reason"
      },
      "system": false
    },
    {
      "externalReferenceCode": "17884d74-4dcd-d43c-c19e-7d49ff2c7ab9",
      "id": 32087,
      "listTypeEntries": [
        {
          "externalReferenceCode": "cfc57b02-eaa9-384c-0e2c-a9bfc8db75b7",
          "id": 32088,
          "key": "draft",
          "name": "Draft",
          "name_i18n": {
            "en-US": "Draft"
          },
          "type": ""
        },
        {
          "externalReferenceCode": "2435d51d-5502-bc93-d42f-0faff8bd8d94",
          "id": 32089,
          "key": "pendingAtCSManager",
          "name": "Pending at CS Manager",
          "name_i18n": {
            "en-US": "Pending at CS Manager"
          },
          "type": ""
        },
        {
          "externalReferenceCode": "c7e61277-1c10-d6dd-af4f-aaef61bb368b",
          "id": 32090,
          "key": "pendingAtSalesPerson",
          "name": "Pending at Sales Person",
          "name_i18n": {
            "en-US": "Pending at Sales Person"
          },
          "type": ""
        },
        {
          "externalReferenceCode": "7e85cddf-8458-fb76-a5fc-62919b6041e8",
          "id": 32091,
          "key": "pendingAtSalesDirector",
          "name": "Pending at Sales Director",
          "name_i18n": {
            "en-US": "Pending at Sales Director"
          },
          "type": ""
        },
        {
          "externalReferenceCode": "4e097441-68bb-b605-4579-0366ef808aa6",
          "id": 32092,
          "key": "pendingAtFinanceController",
          "name": "Pending at Finance Controller",
          "name_i18n": {
            "en-US": "Pending at Finance Controller"
          },
          "type": ""
        },
        {
          "externalReferenceCode": "392b2ce3-00a8-9051-9a9a-85b14e71151e",
          "id": 32093,
          "key": "pendingAtGM",
          "name": "Pending at GM",
          "name_i18n": {
            "en-US": "Pending at GM"
          },
          "type": ""
        },
        {
          "externalReferenceCode": "09ea8527-3630-49e8-b54b-6170642e963c",
          "id": 32094,
          "key": "pendingAtHR",
          "name": "Pending at HR",
          "name_i18n": {
            "en-US": "Pending at HR"
          },
          "type": ""
        },
        {
          "externalReferenceCode": "bdae252a-02e1-8c20-54a0-40e8c045e55b",
          "id": 32095,
          "key": "pendingAtFinance1",
          "name": "Pending at Finance1",
          "name_i18n": {
            "en-US": "Pending at Finance1"
          },
          "type": ""
        },
        {
          "externalReferenceCode": "f24385aa-5714-c32b-970d-5d279cd909e2",
          "id": 32096,
          "key": "pendingAtFinance2",
          "name": "Pending at Finance2",
          "name_i18n": {
            "en-US": "Pending at Finance2"
          },
          "type": ""
        },
        {
          "externalReferenceCode": "44c36ddf-2155-ea7e-714d-a4022822635e",
          "id": 32097,
          "key": "reject",
          "name": "Reject",
          "name_i18n": {
            "en-US": "Reject"
          },
          "type": ""
        },
        {
          "externalReferenceCode": "50a265d4-fd79-cd17-d923-f07315cac68c",
          "id": 32098,
          "key": "cancel",
          "name": "Cancel",
          "name_i18n": {
            "en-US": "Cancel"
          },
          "type": ""
        },
        {
          "externalReferenceCode": "273ead40-9cca-08cc-5a15-6a98cad95207",
          "id": 32099,
          "key": "approved",
          "name": "Approved",
          "name_i18n": {
            "en-US": "Approved"
          },
          "type": ""
        }
      ],
      "name": "CNDN Approval Status",
      "name_i18n": {
        "en-US": "CNDN Approval Status"
      },
      "system": false
    },
    {
      "externalReferenceCode": "520e6f07-81ab-e4d4-6e13-bfddf978bd56",
      "id": 32100,
      "listTypeEntries": [
        {
          "externalReferenceCode": "545b01da-3ebd-56bf-4754-0dbb77e70885",
          "id": 32101,
          "key": "cndncsadept",
          "name": "CSA",
          "name_i18n": {
            "en-US": "CSA"
          },
          "type": ""
        },
        {
          "externalReferenceCode": "db6a4b5e-dd82-8065-7332-06e737b750ae",
          "id": 32102,
          "key": "cndnisdept",
          "name": "IS",
          "name_i18n": {
            "en-US": "IS"
          },
          "type": ""
        }
      ],
      "name": "CNDN Department",
      "name_i18n": {
        "en-US": "CNDN Department"
      },
      "system": false
    }
  ]
}