{
  "configuration": {
    "className": "com.liferay.object.admin.rest.dto.v1_0.ObjectFolder",
    "parameters": {
      "containsHeaders": "true",
      "createStrategy": "UPSERT",
      "onErrorFail": "false",
      "updateStrategy": "UPDATE"
    },
    "taskItemDelegateName": "DEFAULT"
  },
  "items": [
    {
      "actions": {
        "delete": {
          "href": "/headless-batch-engine/v1.0/object-folders/32103",
          "method": "DELETE"
        },
        "get": {
          "href": "/headless-batch-engine/v1.0/object-folders/32103",
          "method": "GET"
        },
        "permissions": {
          "href": "/headless-batch-engine/v1.0/object-folders/32103",
          "method": "PATCH"
        },
        "update": {
          "href": "/headless-batch-engine/v1.0/object-folders/32103",
          "method": "PUT"
        }
      },
      "dateCreated": "2024-08-02T07:26:33Z",
      "dateModified": "2024-08-02T07:26:33Z",
      "externalReferenceCode": "e7eaf006-0e83-5aeb-e414-b79ffe3128ba",
      "id": 32103,
      "label": {
        "en_US": "CNDN"
      },
      "name": "CNDN",
      "objectFolderItems": [
        {
          "linkedObjectDefinition": false,
          "objectDefinition": {
            "active": true,
            "defaultLanguageId": "en_US",
            "enableCategorization": true,
            "externalReferenceCode": "8b96c7c6-5565-fe92-d110-fc7227c527f8",
            "id": 32104,
            "label": {
              "en_US": "CNDN Attachment"
            },
            "modifiable": true,
            "name": "CNDNAttachment",
            "objectActions": [],
            "objectFields": [
              {
                "DBType": "String",
                "businessType": "Text",
                "externalReferenceCode": "f7157a3c-396d-1441-3d4e-5e062dcf3b1c",
                "id": 32106,
                "indexed": false,
                "indexedAsKeyword": false,
                "indexedLanguageId": "",
                "label": {
                  "en_US": "Author"
                },
                "listTypeDefinitionId": 0,
                "localized": false,
                "name": "creator",
                "objectFieldSettings": [],
                "readOnly": "true",
                "readOnlyConditionExpression": "",
                "required": false,
                "state": false,
                "system": true,
                "type": "String",
                "unique": false
              },
              {
                "DBType": "Date",
                "businessType": "Date",
                "externalReferenceCode": "e163a898-83e2-54c2-d33d-b9cdb1773447",
                "id": 32108,
                "indexed": false,
                "indexedAsKeyword": false,
                "indexedLanguageId": "",
                "label": {
                  "en_US": "Create Date"
                },
                "listTypeDefinitionId": 0,
                "localized": false,
                "name": "createDate",
                "objectFieldSettings": [],
                "readOnly": "true",
                "readOnlyConditionExpression": "",
                "required": false,
                "state": false,
                "system": true,
                "type": "Date",
                "unique": false
              },
              {
                "DBType": "String",
                "businessType": "Text",
                "externalReferenceCode": "32ea6630-4833-5e62-cf31-becfbc7f983f",
                "id": 32110,
                "indexed": false,
                "indexedAsKeyword": false,
                "indexedLanguageId": "",
                "label": {
                  "en_US": "External Reference Code"
                },
                "listTypeDefinitionId": 0,
                "localized": false,
                "name": "externalReferenceCode",
                "objectFieldSettings": [],
                "readOnly": "false",
                "readOnlyConditionExpression": "",
                "required": false,
                "state": false,
                "system": true,
                "type": "String",
                "unique": false
              },
              {
                "DBType": "Long",
                "businessType": "LongInteger",
                "externalReferenceCode": "776df2d9-8e0b-d154-d48a-c5b514c25eb7",
                "id": 32112,
                "indexed": true,
                "indexedAsKeyword": true,
                "indexedLanguageId": "",
                "label": {
                  "en_US": "ID"
                },
                "listTypeDefinitionId": 0,
                "localized": false,
                "name": "id",
                "objectFieldSettings": [],
                "readOnly": "true",
                "readOnlyConditionExpression": "",
                "required": false,
                "state": false,
                "system": true,
                "type": "Long",
                "unique": false
              },
              {
                "DBType": "Date",
                "businessType": "Date",
                "externalReferenceCode": "3a5eab48-c234-02c8-c1fa-686d84d65420",
                "id": 32114,
                "indexed": false,
                "indexedAsKeyword": false,
                "indexedLanguageId": "",
                "label": {
                  "en_US": "Modified Date"
                },
                "listTypeDefinitionId": 0,
                "localized": false,
                "name": "modifiedDate",
                "objectFieldSettings": [],
                "readOnly": "true",
                "readOnlyConditionExpression": "",
                "required": false,
                "state": false,
                "system": true,
                "type": "Date",
                "unique": false
              },
              {
                "DBType": "String",
                "businessType": "Text",
                "externalReferenceCode": "5d7b8b92-5d5e-4022-6d46-ddeec078c479",
                "id": 32116,
                "indexed": false,
                "indexedAsKeyword": false,
                "indexedLanguageId": "",
                "label": {
                  "en_US": "Status"
                },
                "listTypeDefinitionId": 0,
                "localized": false,
                "name": "status",
                "objectFieldSettings": [],
                "readOnly": "true",
                "readOnlyConditionExpression": "",
                "required": false,
                "state": false,
                "system": true,
                "type": "String",
                "unique": false
              },
              {
                "DBType": "Long",
                "businessType": "Attachment",
                "externalReferenceCode": "c627b1c1-33e9-924d-808a-0f11040127bb",
                "id": 32124,
                "indexed": true,
                "indexedAsKeyword": false,
                "indexedLanguageId": "en_US",
                "label": {
                  "en_US": "Attachment"
                },
                "listTypeDefinitionId": 0,
                "localized": false,
                "name": "attachment",
                "objectFieldSettings": [
                  {
                    "name": "acceptedFileExtensions",
                    "value": "jpeg, jpg, pdf, png"
                  },
                  {
                    "name": "maximumFileSize",
                    "value": 100
                  },
                  {
                    "name": "fileSource",
                    "value": "documentsAndMedia"
                  }
                ],
                "readOnly": "false",
                "readOnlyConditionExpression": "",
                "required": true,
                "state": false,
                "system": false,
                "type": "Long",
                "unique": false
              },
              {
                "DBType": "Long",
                "businessType": "Relationship",
                "externalReferenceCode": "6ce08b65-13cb-378a-08d4-b23e075285ae",
                "id": 32531,
                "indexed": true,
                "indexedAsKeyword": false,
                "indexedLanguageId": "",
                "label": {
                  "en_US": "note-attachment"
                },
                "listTypeDefinitionId": 0,
                "localized": false,
                "name": "r_noteattachment_c_creditDebitNoteId",
                "objectFieldSettings": [
                  {
                    "name": "objectDefinition1ShortName",
                    "value": "CreditDebitNote"
                  },
                  {
                    "name": "objectRelationshipERCObjectFieldName",
                    "value": "r_noteattachment_c_creditDebitNoteERC"
                  }
                ],
                "readOnly": "false",
                "readOnlyConditionExpression": "",
                "relationshipType": "oneToMany",
                "required": false,
                "state": false,
                "system": false,
                "type": "Long",
                "unique": false
              },
              {
                "DBType": "Long",
                "businessType": "Relationship",
                "externalReferenceCode": "06db18f2-e05c-270f-53b3-a7044293bb5b",
                "id": 32548,
                "indexed": true,
                "indexedAsKeyword": false,
                "indexedLanguageId": "",
                "label": {
                  "en_US": "item-attachment"
                },
                "listTypeDefinitionId": 0,
                "localized": false,
                "name": "r_itemattachment_c_creditDebitItemId",
                "objectFieldSettings": [
                  {
                    "name": "objectDefinition1ShortName",
                    "value": "CreditDebitItem"
                  },
                  {
                    "name": "objectRelationshipERCObjectFieldName",
                    "value": "r_itemattachment_c_creditDebitItemERC"
                  }
                ],
                "readOnly": "false",
                "readOnlyConditionExpression": "",
                "relationshipType": "oneToMany",
                "required": false,
                "state": false,
                "system": false,
                "type": "Long",
                "unique": false
              }
            ],
            "objectFolderExternalReferenceCode": "e7eaf006-0e83-5aeb-e414-b79ffe3128ba",
            "objectLayouts": [],
            "objectRelationships": [],
            "objectValidationRules": [],
            "objectViews": [],
            "panelCategoryKey": "control_panel.object",
            "pluralLabel": {
              "en_US": "CNDN Attachments"
            },
            "restContextPath": "/o/c/cndnattachments",
            "scope": "company",
            "status": {
              "code": 0,
              "label": "approved",
              "label_i18n": "Approved"
            },
            "system": false,
            "titleObjectFieldName": "id"
          },
          "objectDefinitionExternalReferenceCode": "8b96c7c6-5565-fe92-d110-fc7227c527f8",
          "positionX": 1663,
          "positionY": 47
        },
        {
          "linkedObjectDefinition": false,
          "objectDefinition": {
            "active": true,
            "defaultLanguageId": "en_US",
            "enableCategorization": true,
            "externalReferenceCode": "e56f30e3-1e42-f6b9-08e5-9e73cd3170a5",
            "id": 32136,
            "label": {
              "en_US": "Credit Debit Item"
            },
            "modifiable": true,
            "name": "CreditDebitItem",
            "objectActions": [],
            "objectFields": [
              {
                "DBType": "String",
                "businessType": "Text",
                "externalReferenceCode": "5a36aee5-2454-91dd-ccc1-63ce705f7aa4",
                "id": 32138,
                "indexed": false,
                "indexedAsKeyword": false,
                "indexedLanguageId": "",
                "label": {
                  "en_US": "Author"
                },
                "listTypeDefinitionId": 0,
                "localized": false,
                "name": "creator",
                "objectFieldSettings": [],
                "readOnly": "true",
                "readOnlyConditionExpression": "",
                "required": false,
                "state": false,
                "system": true,
                "type": "String",
                "unique": false
              },
              {
                "DBType": "Date",
                "businessType": "Date",
                "externalReferenceCode": "3dde8ef7-11b3-4561-1d2a-5004438ed905",
                "id": 32140,
                "indexed": false,
                "indexedAsKeyword": false,
                "indexedLanguageId": "",
                "label": {
                  "en_US": "Create Date"
                },
                "listTypeDefinitionId": 0,
                "localized": false,
                "name": "createDate",
                "objectFieldSettings": [],
                "readOnly": "true",
                "readOnlyConditionExpression": "",
                "required": false,
                "state": false,
                "system": true,
                "type": "Date",
                "unique": false
              },
              {
                "DBType": "String",
                "businessType": "Text",
                "externalReferenceCode": "f28b67a8-7295-1426-44d2-1554b145ef19",
                "id": 32142,
                "indexed": false,
                "indexedAsKeyword": false,
                "indexedLanguageId": "",
                "label": {
                  "en_US": "External Reference Code"
                },
                "listTypeDefinitionId": 0,
                "localized": false,
                "name": "externalReferenceCode",
                "objectFieldSettings": [],
                "readOnly": "false",
                "readOnlyConditionExpression": "",
                "required": false,
                "state": false,
                "system": true,
                "type": "String",
                "unique": false
              },
              {
                "DBType": "Long",
                "businessType": "LongInteger",
                "externalReferenceCode": "eeeeee7e-703a-ef6d-b975-68205a14291e",
                "id": 32144,
                "indexed": true,
                "indexedAsKeyword": true,
                "indexedLanguageId": "",
                "label": {
                  "en_US": "ID"
                },
                "listTypeDefinitionId": 0,
                "localized": false,
                "name": "id",
                "objectFieldSettings": [],
                "readOnly": "true",
                "readOnlyConditionExpression": "",
                "required": false,
                "state": false,
                "system": true,
                "type": "Long",
                "unique": false
              },
              {
                "DBType": "Date",
                "businessType": "Date",
                "externalReferenceCode": "a3382943-b8ff-3808-0d68-ac794550d87a",
                "id": 32146,
                "indexed": false,
                "indexedAsKeyword": false,
                "indexedLanguageId": "",
                "label": {
                  "en_US": "Modified Date"
                },
                "listTypeDefinitionId": 0,
                "localized": false,
                "name": "modifiedDate",
                "objectFieldSettings": [],
                "readOnly": "true",
                "readOnlyConditionExpression": "",
                "required": false,
                "state": false,
                "system": true,
                "type": "Date",
                "unique": false
              },
              {
                "DBType": "String",
                "businessType": "Text",
                "externalReferenceCode": "88410b74-f929-2956-a887-491ae44b501e",
                "id": 32148,
                "indexed": false,
                "indexedAsKeyword": false,
                "indexedLanguageId": "",
                "label": {
                  "en_US": "Status"
                },
                "listTypeDefinitionId": 0,
                "localized": false,
                "name": "status",
                "objectFieldSettings": [],
                "readOnly": "true",
                "readOnlyConditionExpression": "",
                "required": false,
                "state": false,
                "system": true,
                "type": "String",
                "unique": false
              },
              {
                "DBType": "String",
                "businessType": "Text",
                "externalReferenceCode": "ea4095a5-8cf7-eb25-b3f3-44881c869dc1",
                "id": 32156,
                "indexed": true,
                "indexedAsKeyword": false,
                "indexedLanguageId": "en_US",
                "label": {
                  "en_US": "Category"
                },
                "listTypeDefinitionId": 0,
                "localized": false,
                "name": "category",
                "objectFieldSettings": [],
                "readOnly": "false",
                "readOnlyConditionExpression": "",
                "required": true,
                "state": false,
                "system": false,
                "type": "String",
                "unique": false
              },
              {
                "DBType": "Clob",
                "businessType": "LongText",
                "externalReferenceCode": "d4a38929-2912-b334-754f-34d428960f51",
                "id": 32158,
                "indexed": true,
                "indexedAsKeyword": false,
                "indexedLanguageId": "en_US",
                "label": {
                  "en_US": "Description"
                },
                "listTypeDefinitionId": 0,
                "localized": false,
                "name": "description",
                "objectFieldSettings": [
                  {
                    "name": "showCounter",
                    "value": false
                  }
                ],
                "readOnly": "false",
                "readOnlyConditionExpression": "",
                "required": false,
                "state": false,
                "system": false,
                "type": "Clob",
                "unique": false
              },
              {
                "DBType": "String",
                "businessType": "Text",
                "externalReferenceCode": "1538f567-537c-6c61-7f20-66a69870b4ba",
                "id": 32162,
                "indexed": true,
                "indexedAsKeyword": false,
                "indexedLanguageId": "en_US",
                "label": {
                  "en_US": "Customer Part Number"
                },
                "listTypeDefinitionId": 0,
                "localized": false,
                "name": "customerPartNumber",
                "objectFieldSettings": [],
                "readOnly": "false",
                "readOnlyConditionExpression": "",
                "required": false,
                "state": false,
                "system": false,
                "type": "String",
                "unique": false
              },
              {
                "DBType": "String",
                "businessType": "Text",
                "externalReferenceCode": "ab5c2f6c-56a0-2c99-c277-203e91e152ee",
                "id": 32164,
                "indexed": true,
                "indexedAsKeyword": false,
                "indexedLanguageId": "en_US",
                "label": {
                  "en_US": "Customer PO Number"
                },
                "listTypeDefinitionId": 0,
                "localized": false,
                "name": "customerPONumber",
                "objectFieldSettings": [],
                "readOnly": "false",
                "readOnlyConditionExpression": "",
                "required": false,
                "state": false,
                "system": false,
                "type": "String",
                "unique": false
              },
              {
                "DBType": "String",
                "businessType": "Text",
                "externalReferenceCode": "3c45f569-72e4-9945-392e-8aeff81c5142",
                "id": 32166,
                "indexed": true,
                "indexedAsKeyword": false,
                "indexedLanguageId": "en_US",
                "label": {
                  "en_US": "Item Number"
                },
                "listTypeDefinitionId": 0,
                "localized": false,
                "name": "itemNumber",
                "objectFieldSettings": [],
                "readOnly": "false",
                "readOnlyConditionExpression": "",
                "required": false,
                "state": false,
                "system": false,
                "type": "String",
                "unique": false
              },
              {
                "DBType": "String",
                "businessType": "Text",
                "externalReferenceCode": "09103e73-c2ab-8f0a-ec51-61e30e325728",
                "id": 32168,
                "indexed": true,
                "indexedAsKeyword": false,
                "indexedLanguageId": "en_US",
                "label": {
                  "en_US": "Invoice Number"
                },
                "listTypeDefinitionId": 0,
                "localized": false,
                "name": "invoiceNumber",
                "objectFieldSettings": [],
                "readOnly": "false",
                "readOnlyConditionExpression": "",
                "required": false,
                "state": false,
                "system": false,
                "type": "String",
                "unique": false
              },
              {
                "DBType": "Date",
                "businessType": "Date",
                "externalReferenceCode": "502d6e0e-d076-7ff4-b3d4-1470d33e7843",
                "id": 32170,
                "indexed": true,
                "indexedAsKeyword": false,
                "indexedLanguageId": "",
                "label": {
                  "en_US": "Invoice Date"
                },
                "listTypeDefinitionId": 0,
                "localized": false,
                "name": "invoiceDate",
                "objectFieldSettings": [],
                "readOnly": "false",
                "readOnlyConditionExpression": "",
                "required": false,
                "state": false,
                "system": false,
                "type": "Date",
                "unique": false
              },
              {
                "DBType": "Long",
                "businessType": "LongInteger",
                "externalReferenceCode": "1c9cdb07-8c63-6011-a287-4fc2c424ae01",
                "id": 32172,
                "indexed": true,
                "indexedAsKeyword": false,
                "indexedLanguageId": "",
                "label": {
                  "en_US": "Quantity"
                },
                "listTypeDefinitionId": 0,
                "localized": false,
                "name": "quantity",
                "objectFieldSettings": [],
                "readOnly": "false",
                "readOnlyConditionExpression": "",
                "required": true,
                "state": false,
                "system": false,
                "type": "Long",
                "unique": false
              },
              {
                "DBType": "Double",
                "businessType": "Decimal",
                "externalReferenceCode": "e95c22f5-2eb0-3723-4b25-39d15ae8c40e",
                "id": 32174,
                "indexed": true,
                "indexedAsKeyword": false,
                "indexedLanguageId": "",
                "label": {
                  "en_US": "Unit Price"
                },
                "listTypeDefinitionId": 0,
                "localized": false,
                "name": "unitPrice",
                "objectFieldSettings": [],
                "readOnly": "false",
                "readOnlyConditionExpression": "",
                "required": true,
                "state": false,
                "system": false,
                "type": "Double",
                "unique": false
              },
              {
                "DBType": "Double",
                "businessType": "Decimal",
                "externalReferenceCode": "5920959a-2151-375b-3230-cb6616b1f089",
                "id": 32176,
                "indexed": true,
                "indexedAsKeyword": false,
                "indexedLanguageId": "",
                "label": {
                  "en_US": "Total Price"
                },
                "listTypeDefinitionId": 0,
                "localized": false,
                "name": "totalPrice",
                "objectFieldSettings": [],
                "readOnly": "false",
                "readOnlyConditionExpression": "",
                "required": true,
                "state": false,
                "system": false,
                "type": "Double",
                "unique": false
              },
              {
                "DBType": "Clob",
                "businessType": "LongText",
                "externalReferenceCode": "4543d34d-da08-7e49-ba63-b5639fdc09e6",
                "id": 32178,
                "indexed": true,
                "indexedAsKeyword": false,
                "indexedLanguageId": "en_US",
                "label": {
                  "en_US": "Remarks"
                },
                "listTypeDefinitionId": 0,
                "localized": false,
                "name": "remarks",
                "objectFieldSettings": [
                  {
                    "name": "showCounter",
                    "value": false
                  }
                ],
                "readOnly": "false",
                "readOnlyConditionExpression": "",
                "required": false,
                "state": false,
                "system": false,
                "type": "Clob",
                "unique": false
              },
              {
                "DBType": "Long",
                "businessType": "Relationship",
                "externalReferenceCode": "0e7e200c-d479-25af-a7db-0f46d239d1f6",
                "id": 32523,
                "indexed": true,
                "indexedAsKeyword": false,
                "indexedLanguageId": "",
                "label": {
                  "en_US": "note-item"
                },
                "listTypeDefinitionId": 0,
                "localized": false,
                "name": "r_noteitem_c_creditDebitNoteId",
                "objectFieldSettings": [
                  {
                    "name": "objectDefinition1ShortName",
                    "value": "CreditDebitNote"
                  },
                  {
                    "name": "objectRelationshipERCObjectFieldName",
                    "value": "r_noteitem_c_creditDebitNoteERC"
                  }
                ],
                "readOnly": "false",
                "readOnlyConditionExpression": "",
                "relationshipType": "oneToMany",
                "required": false,
                "state": false,
                "system": false,
                "type": "Long",
                "unique": false
              }
            ],
            "objectFolderExternalReferenceCode": "e7eaf006-0e83-5aeb-e414-b79ffe3128ba",
            "objectLayouts": [],
            "objectRelationships": [
              {
                "deletionType": "prevent",
                "externalReferenceCode": "47beff0f-dafc-919c-c160-6d4a42baff43",
                "id": 32547,
                "label": {
                  "en_US": "item-attachment"
                },
                "name": "itemattachment",
                "objectDefinitionExternalReferenceCode1": "e56f30e3-1e42-f6b9-08e5-9e73cd3170a5",
                "objectDefinitionExternalReferenceCode2": "8b96c7c6-5565-fe92-d110-fc7227c527f8",
                "objectDefinitionId1": 32136,
                "objectDefinitionId2": 32104,
                "objectDefinitionModifiable2": true,
                "objectDefinitionName2": "CNDNAttachment",
                "objectDefinitionSystem2": false,
                "objectField": {
                  "DBType": "Long",
                  "businessType": "Relationship",
                  "externalReferenceCode": "06db18f2-e05c-270f-53b3-a7044293bb5b",
                  "id": 32548,
                  "indexed": true,
                  "indexedAsKeyword": false,
                  "indexedLanguageId": "",
                  "label": {
                    "en_US": "item-attachment"
                  },
                  "listTypeDefinitionId": 0,
                  "localized": false,
                  "name": "r_itemattachment_c_creditDebitItemId",
                  "objectFieldSettings": [
                    {
                      "name": "objectDefinition1ShortName",
                      "value": "CreditDebitItem"
                    },
                    {
                      "name": "objectRelationshipERCObjectFieldName",
                      "value": "r_itemattachment_c_creditDebitItemERC"
                    }
                  ],
                  "readOnly": "false",
                  "readOnlyConditionExpression": "",
                  "relationshipType": "oneToMany",
                  "required": false,
                  "state": false,
                  "system": false,
                  "type": "Long",
                  "unique": false
                },
                "parameterObjectFieldId": 0,
                "parameterObjectFieldName": "",
                "reverse": false,
                "system": false,
                "type": "oneToMany"
              }
            ],
            "objectValidationRules": [],
            "objectViews": [],
            "panelCategoryKey": "control_panel.object",
            "pluralLabel": {
              "en_US": "Credit Debit Items"
            },
            "restContextPath": "/o/c/creditdebititems",
            "scope": "company",
            "status": {
              "code": 0,
              "label": "approved",
              "label_i18n": "Approved"
            },
            "system": false,
            "titleObjectFieldName": "id"
          },
          "objectDefinitionExternalReferenceCode": "e56f30e3-1e42-f6b9-08e5-9e73cd3170a5",
          "positionX": 1171,
          "positionY": 515
        },
        {
          "linkedObjectDefinition": false,
          "objectDefinition": {
            "active": true,
            "defaultLanguageId": "en_US",
            "enableCategorization": true,
            "externalReferenceCode": "ca8f6913-f271-700f-798e-352f017f8d05",
            "id": 32186,
            "label": {
              "en_US": "Credit Debit Note"
            },
            "modifiable": true,
            "name": "CreditDebitNote",
            "objectActions": [],
            "objectFields": [
              {
                "DBType": "String",
                "businessType": "Text",
                "externalReferenceCode": "d0c2dea4-23cb-c920-4214-6a7ba92891e3",
                "id": 32188,
                "indexed": false,
                "indexedAsKeyword": false,
                "indexedLanguageId": "",
                "label": {
                  "en_US": "Author"
                },
                "listTypeDefinitionId": 0,
                "localized": false,
                "name": "creator",
                "objectFieldSettings": [],
                "readOnly": "true",
                "readOnlyConditionExpression": "",
                "required": false,
                "state": false,
                "system": true,
                "type": "String",
                "unique": false
              },
              {
                "DBType": "Date",
                "businessType": "Date",
                "externalReferenceCode": "030d5ffa-c9b6-05f7-33e7-4565c358bfe6",
                "id": 32190,
                "indexed": false,
                "indexedAsKeyword": false,
                "indexedLanguageId": "",
                "label": {
                  "en_US": "Create Date"
                },
                "listTypeDefinitionId": 0,
                "localized": false,
                "name": "createDate",
                "objectFieldSettings": [],
                "readOnly": "true",
                "readOnlyConditionExpression": "",
                "required": false,
                "state": false,
                "system": true,
                "type": "Date",
                "unique": false
              },
              {
                "DBType": "String",
                "businessType": "Text",
                "externalReferenceCode": "97473ae0-d8a0-b36a-b11a-13f72aa353e4",
                "id": 32192,
                "indexed": false,
                "indexedAsKeyword": false,
                "indexedLanguageId": "",
                "label": {
                  "en_US": "External Reference Code"
                },
                "listTypeDefinitionId": 0,
                "localized": false,
                "name": "externalReferenceCode",
                "objectFieldSettings": [],
                "readOnly": "false",
                "readOnlyConditionExpression": "",
                "required": false,
                "state": false,
                "system": true,
                "type": "String",
                "unique": false
              },
              {
                "DBType": "Long",
                "businessType": "LongInteger",
                "externalReferenceCode": "f1164f15-1608-f9a3-be0d-24118e7a4216",
                "id": 32194,
                "indexed": true,
                "indexedAsKeyword": true,
                "indexedLanguageId": "",
                "label": {
                  "en_US": "ID"
                },
                "listTypeDefinitionId": 0,
                "localized": false,
                "name": "id",
                "objectFieldSettings": [],
                "readOnly": "true",
                "readOnlyConditionExpression": "",
                "required": false,
                "state": false,
                "system": true,
                "type": "Long",
                "unique": false
              },
              {
                "DBType": "Date",
                "businessType": "Date",
                "externalReferenceCode": "e8a53261-36c8-f747-7402-38f41ad895da",
                "id": 32196,
                "indexed": false,
                "indexedAsKeyword": false,
                "indexedLanguageId": "",
                "label": {
                  "en_US": "Modified Date"
                },
                "listTypeDefinitionId": 0,
                "localized": false,
                "name": "modifiedDate",
                "objectFieldSettings": [],
                "readOnly": "true",
                "readOnlyConditionExpression": "",
                "required": false,
                "state": false,
                "system": true,
                "type": "Date",
                "unique": false
              },
              {
                "DBType": "String",
                "businessType": "Text",
                "externalReferenceCode": "3839116a-0e1d-919c-e025-c1e0237e0048",
                "id": 32198,
                "indexed": false,
                "indexedAsKeyword": false,
                "indexedLanguageId": "",
                "label": {
                  "en_US": "Status"
                },
                "listTypeDefinitionId": 0,
                "localized": false,
                "name": "status",
                "objectFieldSettings": [],
                "readOnly": "true",
                "readOnlyConditionExpression": "",
                "required": false,
                "state": false,
                "system": true,
                "type": "String",
                "unique": false
              },
              {
                "DBType": "Date",
                "businessType": "Date",
                "externalReferenceCode": "3f5fa1aa-7dd7-e1ed-26db-303853a68e72",
                "id": 32206,
                "indexed": true,
                "indexedAsKeyword": false,
                "indexedLanguageId": "",
                "label": {
                  "en_US": "Creation Date"
                },
                "listTypeDefinitionId": 0,
                "localized": false,
                "name": "creationDate",
                "objectFieldSettings": [],
                "readOnly": "false",
                "readOnlyConditionExpression": "",
                "required": true,
                "state": false,
                "system": false,
                "type": "Date",
                "unique": false
              },
              {
                "DBType": "Long",
                "businessType": "LongInteger",
                "externalReferenceCode": "578bd345-1fd0-0b5f-4908-5f5dbd2c6a86",
                "id": 32208,
                "indexed": true,
                "indexedAsKeyword": false,
                "indexedLanguageId": "",
                "label": {
                  "en_US": "Requestor"
                },
                "listTypeDefinitionId": 0,
                "localized": false,
                "name": "requestor",
                "objectFieldSettings": [],
                "readOnly": "false",
                "readOnlyConditionExpression": "",
                "required": true,
                "state": false,
                "system": false,
                "type": "Long",
                "unique": false
              },
              {
                "DBType": "String",
                "businessType": "Picklist",
                "externalReferenceCode": "0194cf03-e0a1-5bd6-9424-58a4e380237d",
                "id": 32210,
                "indexed": true,
                "indexedAsKeyword": false,
                "indexedLanguageId": "en_US",
                "label": {
                  "en_US": "Dept"
                },
                "listTypeDefinitionExternalReferenceCode": "520e6f07-81ab-e4d4-6e13-bfddf978bd56",
                "listTypeDefinitionId": 32100,
                "localized": false,
                "name": "dept",
                "objectFieldSettings": [],
                "readOnly": "false",
                "readOnlyConditionExpression": "",
                "required": true,
                "state": false,
                "system": false,
                "type": "String",
                "unique": false
              },
              {
                "DBType": "String",
                "businessType": "Text",
                "externalReferenceCode": "6195aa14-ee58-2902-27fc-6c0680f1cf1f",
                "id": 32212,
                "indexed": true,
                "indexedAsKeyword": false,
                "indexedLanguageId": "en_US",
                "label": {
                  "en_US": "Customer Name"
                },
                "listTypeDefinitionId": 0,
                "localized": false,
                "name": "customerName",
                "objectFieldSettings": [],
                "readOnly": "false",
                "readOnlyConditionExpression": "",
                "required": true,
                "state": false,
                "system": false,
                "type": "String",
                "unique": false
              },
              {
                "DBType": "String",
                "businessType": "Text",
                "externalReferenceCode": "9415e69e-214e-b74a-a049-035e1960cb36",
                "id": 32214,
                "indexed": true,
                "indexedAsKeyword": false,
                "indexedLanguageId": "en_US",
                "label": {
                  "en_US": "Customer Code"
                },
                "listTypeDefinitionId": 0,
                "localized": false,
                "name": "customerCode",
                "objectFieldSettings": [],
                "readOnly": "false",
                "readOnlyConditionExpression": "",
                "required": true,
                "state": false,
                "system": false,
                "type": "String",
                "unique": false
              },
              {
                "DBType": "String",
                "businessType": "Picklist",
                "externalReferenceCode": "2439c3a5-2802-93e3-c565-337f518a1fdf",
                "id": 32216,
                "indexed": true,
                "indexedAsKeyword": false,
                "indexedLanguageId": "en_US",
                "label": {
                  "en_US": "Currency"
                },
                "listTypeDefinitionExternalReferenceCode": "d544f547-ecd3-0996-f829-90b49306c88e",
                "listTypeDefinitionId": 32074,
                "localized": false,
                "name": "currency",
                "objectFieldSettings": [],
                "readOnly": "false",
                "readOnlyConditionExpression": "",
                "required": true,
                "state": false,
                "system": false,
                "type": "String",
                "unique": false
              },
              {
                "DBType": "String",
                "businessType": "Picklist",
                "externalReferenceCode": "012b09b2-d9b8-dc7c-412f-977c40a811c1",
                "id": 32218,
                "indexed": true,
                "indexedAsKeyword": false,
                "indexedLanguageId": "en_US",
                "label": {
                  "en_US": "Reason"
                },
                "listTypeDefinitionExternalReferenceCode": "571d2c9b-43dc-7b9b-7764-6021fdcd7e6d",
                "listTypeDefinitionId": 32078,
                "localized": false,
                "name": "reason",
                "objectFieldSettings": [],
                "readOnly": "false",
                "readOnlyConditionExpression": "",
                "required": false,
                "state": false,
                "system": false,
                "type": "String",
                "unique": false
              },
              {
                "DBType": "Clob",
                "businessType": "LongText",
                "externalReferenceCode": "efca82c6-2e2a-9922-353d-b23a572e19d0",
                "id": 32220,
                "indexed": true,
                "indexedAsKeyword": false,
                "indexedLanguageId": "en_US",
                "label": {
                  "en_US": "Please Specify for Others"
                },
                "listTypeDefinitionId": 0,
                "localized": false,
                "name": "pleaseSpecifyForOthers",
                "objectFieldSettings": [
                  {
                    "name": "showCounter",
                    "value": false
                  }
                ],
                "readOnly": "false",
                "readOnlyConditionExpression": "",
                "required": false,
                "state": false,
                "system": false,
                "type": "Clob",
                "unique": false
              },
              {
                "DBType": "Long",
                "businessType": "LongInteger",
                "externalReferenceCode": "a695af2b-95d4-43cf-2ad3-3d0750518f65",
                "id": 32224,
                "indexed": true,
                "indexedAsKeyword": false,
                "indexedLanguageId": "",
                "label": {
                  "en_US": "Verification and Confirmed By"
                },
                "listTypeDefinitionId": 0,
                "localized": false,
                "name": "verificationAndConfirmedBy",
                "objectFieldSettings": [],
                "readOnly": "false",
                "readOnlyConditionExpression": "",
                "required": false,
                "state": false,
                "system": false,
                "type": "Long",
                "unique": false
              },
              {
                "DBType": "Long",
                "businessType": "LongInteger",
                "externalReferenceCode": "c1f23447-42ae-84e1-81b1-79415aee179b",
                "id": 32226,
                "indexed": true,
                "indexedAsKeyword": false,
                "indexedLanguageId": "",
                "label": {
                  "en_US": "Sales Director"
                },
                "listTypeDefinitionId": 0,
                "localized": false,
                "name": "salesDirector",
                "objectFieldSettings": [],
                "readOnly": "false",
                "readOnlyConditionExpression": "",
                "required": false,
                "state": false,
                "system": false,
                "type": "Long",
                "unique": false
              },
              {
                "DBType": "Long",
                "businessType": "LongInteger",
                "externalReferenceCode": "3bdefbfa-65f6-c0d6-6965-b3e48aca7180",
                "id": 32228,
                "indexed": true,
                "indexedAsKeyword": false,
                "indexedLanguageId": "",
                "label": {
                  "en_US": "Finance Controller"
                },
                "listTypeDefinitionId": 0,
                "localized": false,
                "name": "financeController",
                "objectFieldSettings": [],
                "readOnly": "false",
                "readOnlyConditionExpression": "",
                "required": false,
                "state": false,
                "system": false,
                "type": "Long",
                "unique": false
              },
              {
                "DBType": "Long",
                "businessType": "LongInteger",
                "externalReferenceCode": "a86fb929-758c-550f-8220-da16a4b087b0",
                "id": 32230,
                "indexed": true,
                "indexedAsKeyword": false,
                "indexedLanguageId": "",
                "label": {
                  "en_US": "General Manager"
                },
                "listTypeDefinitionId": 0,
                "localized": false,
                "name": "generalManager",
                "objectFieldSettings": [],
                "readOnly": "false",
                "readOnlyConditionExpression": "",
                "required": false,
                "state": false,
                "system": false,
                "type": "Long",
                "unique": false
              },
              {
                "DBType": "Clob",
                "businessType": "LongText",
                "externalReferenceCode": "51e5e8c9-0edb-37a2-aa95-f22d26a7a528",
                "id": 32232,
                "indexed": true,
                "indexedAsKeyword": false,
                "indexedLanguageId": "en_US",
                "label": {
                  "en_US": "Description"
                },
                "listTypeDefinitionId": 0,
                "localized": false,
                "name": "description",
                "objectFieldSettings": [
                  {
                    "name": "showCounter",
                    "value": false
                  }
                ],
                "readOnly": "false",
                "readOnlyConditionExpression": "",
                "required": false,
                "state": false,
                "system": false,
                "type": "Clob",
                "unique": false
              },
              {
                "DBType": "Boolean",
                "businessType": "Boolean",
                "externalReferenceCode": "0947b789-1cf1-6a31-17cc-56e637c17793",
                "id": 32236,
                "indexed": true,
                "indexedAsKeyword": false,
                "indexedLanguageId": "",
                "label": {
                  "en_US": "Stock Adjustment"
                },
                "listTypeDefinitionId": 0,
                "localized": false,
                "name": "stockAdjustment",
                "objectFieldSettings": [],
                "readOnly": "false",
                "readOnlyConditionExpression": "",
                "required": false,
                "state": false,
                "system": false,
                "type": "Boolean",
                "unique": false
              },
              {
                "DBType": "String",
                "businessType": "Text",
                "externalReferenceCode": "26b2058f-f04a-056b-2207-bffdb83547ff",
                "id": 32238,
                "indexed": true,
                "indexedAsKeyword": false,
                "indexedLanguageId": "en_US",
                "label": {
                  "en_US": "Location"
                },
                "listTypeDefinitionId": 0,
                "localized": false,
                "name": "location",
                "objectFieldSettings": [],
                "readOnly": "false",
                "readOnlyConditionExpression": "",
                "required": false,
                "state": false,
                "system": false,
                "type": "String",
                "unique": false
              },
              {
                "DBType": "String",
                "businessType": "Text",
                "externalReferenceCode": "30194ea0-6bac-3518-3116-1e82e0bc50a4",
                "id": 32240,
                "indexed": true,
                "indexedAsKeyword": false,
                "indexedLanguageId": "en_US",
                "label": {
                  "en_US": "Lot Serial"
                },
                "listTypeDefinitionId": 0,
                "localized": false,
                "name": "lotSerial",
                "objectFieldSettings": [],
                "readOnly": "false",
                "readOnlyConditionExpression": "",
                "required": false,
                "state": false,
                "system": false,
                "type": "String",
                "unique": false
              },
              {
                "DBType": "String",
                "businessType": "Text",
                "externalReferenceCode": "c4614a84-8795-ed18-3288-cc3ce12bd933",
                "id": 32242,
                "indexed": true,
                "indexedAsKeyword": false,
                "indexedLanguageId": "en_US",
                "label": {
                  "en_US": "Document Number"
                },
                "listTypeDefinitionId": 0,
                "localized": false,
                "name": "documentNumber",
                "objectFieldSettings": [
                  {
                    "name": "uniqueValues",
                    "value": true
                  }
                ],
                "readOnly": "false",
                "readOnlyConditionExpression": "",
                "required": false,
                "state": false,
                "system": false,
                "type": "String",
                "unique": true
              },
              {
                "DBType": "String",
                "businessType": "Picklist",
                "externalReferenceCode": "af768cad-8d9c-92d1-03fa-310de57845c1",
                "id": 32246,
                "indexed": true,
                "indexedAsKeyword": false,
                "indexedLanguageId": "en_US",
                "label": {
                  "en_US": "Voucher Type"
                },
                "listTypeDefinitionExternalReferenceCode": "fd6a3cfa-e1ec-e60a-88ac-e4492f063434",
                "listTypeDefinitionId": 32071,
                "localized": false,
                "name": "voucherType",
                "objectFieldSettings": [],
                "readOnly": "false",
                "readOnlyConditionExpression": "",
                "required": true,
                "state": false,
                "system": false,
                "type": "String",
                "unique": false
              },
              {
                "DBType": "String",
                "businessType": "Picklist",
                "defaultValue": "draft",
                "externalReferenceCode": "c684d611-0689-e5ce-3272-8993ff28daf0",
                "id": 32248,
                "indexed": true,
                "indexedAsKeyword": false,
                "indexedLanguageId": "en_US",
                "label": {
                  "en_US": "Approval Status"
                },
                "listTypeDefinitionExternalReferenceCode": "17884d74-4dcd-d43c-c19e-7d49ff2c7ab9",
                "listTypeDefinitionId": 32087,
                "localized": false,
                "name": "approvalStatus",
                "objectFieldSettings": [
                  {
                    "name": "stateFlow",
                    "value": {
                      "id": 32250,
                      "objectStates": [
                        {
                          "id": 41366,
                          "key": "draft",
                          "objectStateTransitions": [
                            {
                              "key": "pendingAtCSManager"
                            },
                            {
                              "key": "pendingAtSalesPerson"
                            },
                            {
                              "key": "pendingAtSalesDirector"
                            },
                            {
                              "key": "pendingAtFinanceController"
                            },
                            {
                              "key": "pendingAtGM"
                            },
                            {
                              "key": "pendingAtHR"
                            },
                            {
                              "key": "pendingAtFinance1"
                            },
                            {
                              "key": "pendingAtFinance2"
                            },
                            {
                              "key": "reject"
                            },
                            {
                              "key": "cancel"
                            },
                            {
                              "key": "approved"
                            }
                          ]
                        },
                        {
                          "id": 41367,
                          "key": "pendingAtCSManager",
                          "objectStateTransitions": [
                            {
                              "key": "draft"
                            },
                            {
                              "key": "pendingAtSalesPerson"
                            },
                            {
                              "key": "pendingAtSalesDirector"
                            },
                            {
                              "key": "pendingAtFinanceController"
                            },
                            {
                              "key": "pendingAtGM"
                            },
                            {
                              "key": "pendingAtHR"
                            },
                            {
                              "key": "pendingAtFinance1"
                            },
                            {
                              "key": "pendingAtFinance2"
                            },
                            {
                              "key": "reject"
                            },
                            {
                              "key": "cancel"
                            },
                            {
                              "key": "approved"
                            }
                          ]
                        },
                        {
                          "id": 41368,
                          "key": "pendingAtSalesPerson",
                          "objectStateTransitions": [
                            {
                              "key": "draft"
                            },
                            {
                              "key": "pendingAtCSManager"
                            },
                            {
                              "key": "pendingAtSalesDirector"
                            },
                            {
                              "key": "pendingAtFinanceController"
                            },
                            {
                              "key": "pendingAtGM"
                            },
                            {
                              "key": "pendingAtHR"
                            },
                            {
                              "key": "pendingAtFinance1"
                            },
                            {
                              "key": "pendingAtFinance2"
                            },
                            {
                              "key": "reject"
                            },
                            {
                              "key": "cancel"
                            },
                            {
                              "key": "approved"
                            }
                          ]
                        },
                        {
                          "id": 41369,
                          "key": "pendingAtSalesDirector",
                          "objectStateTransitions": [
                            {
                              "key": "draft"
                            },
                            {
                              "key": "pendingAtCSManager"
                            },
                            {
                              "key": "pendingAtSalesPerson"
                            },
                            {
                              "key": "pendingAtFinanceController"
                            },
                            {
                              "key": "pendingAtGM"
                            },
                            {
                              "key": "pendingAtHR"
                            },
                            {
                              "key": "pendingAtFinance1"
                            },
                            {
                              "key": "pendingAtFinance2"
                            },
                            {
                              "key": "reject"
                            },
                            {
                              "key": "cancel"
                            },
                            {
                              "key": "approved"
                            }
                          ]
                        },
                        {
                          "id": 41370,
                          "key": "pendingAtFinanceController",
                          "objectStateTransitions": [
                            {
                              "key": "draft"
                            },
                            {
                              "key": "pendingAtCSManager"
                            },
                            {
                              "key": "pendingAtSalesPerson"
                            },
                            {
                              "key": "pendingAtSalesDirector"
                            },
                            {
                              "key": "pendingAtGM"
                            },
                            {
                              "key": "pendingAtHR"
                            },
                            {
                              "key": "pendingAtFinance1"
                            },
                            {
                              "key": "pendingAtFinance2"
                            },
                            {
                              "key": "reject"
                            },
                            {
                              "key": "cancel"
                            },
                            {
                              "key": "approved"
                            }
                          ]
                        },
                        {
                          "id": 41371,
                          "key": "pendingAtGM",
                          "objectStateTransitions": [
                            {
                              "key": "draft"
                            },
                            {
                              "key": "pendingAtCSManager"
                            },
                            {
                              "key": "pendingAtSalesPerson"
                            },
                            {
                              "key": "pendingAtSalesDirector"
                            },
                            {
                              "key": "pendingAtFinanceController"
                            },
                            {
                              "key": "pendingAtHR"
                            },
                            {
                              "key": "pendingAtFinance1"
                            },
                            {
                              "key": "pendingAtFinance2"
                            },
                            {
                              "key": "reject"
                            },
                            {
                              "key": "cancel"
                            },
                            {
                              "key": "approved"
                            }
                          ]
                        },
                        {
                          "id": 41372,
                          "key": "pendingAtHR",
                          "objectStateTransitions": [
                            {
                              "key": "draft"
                            },
                            {
                              "key": "pendingAtCSManager"
                            },
                            {
                              "key": "pendingAtSalesPerson"
                            },
                            {
                              "key": "pendingAtSalesDirector"
                            },
                            {
                              "key": "pendingAtFinanceController"
                            },
                            {
                              "key": "pendingAtGM"
                            },
                            {
                              "key": "pendingAtFinance1"
                            },
                            {
                              "key": "pendingAtFinance2"
                            },
                            {
                              "key": "reject"
                            },
                            {
                              "key": "cancel"
                            },
                            {
                              "key": "approved"
                            }
                          ]
                        },
                        {
                          "id": 41373,
                          "key": "pendingAtFinance1",
                          "objectStateTransitions": [
                            {
                              "key": "draft"
                            },
                            {
                              "key": "pendingAtCSManager"
                            },
                            {
                              "key": "pendingAtSalesPerson"
                            },
                            {
                              "key": "pendingAtSalesDirector"
                            },
                            {
                              "key": "pendingAtFinanceController"
                            },
                            {
                              "key": "pendingAtGM"
                            },
                            {
                              "key": "pendingAtHR"
                            },
                            {
                              "key": "pendingAtFinance2"
                            },
                            {
                              "key": "reject"
                            },
                            {
                              "key": "cancel"
                            },
                            {
                              "key": "approved"
                            }
                          ]
                        },
                        {
                          "id": 41374,
                          "key": "pendingAtFinance2",
                          "objectStateTransitions": [
                            {
                              "key": "draft"
                            },
                            {
                              "key": "pendingAtCSManager"
                            },
                            {
                              "key": "pendingAtSalesPerson"
                            },
                            {
                              "key": "pendingAtSalesDirector"
                            },
                            {
                              "key": "pendingAtFinanceController"
                            },
                            {
                              "key": "pendingAtGM"
                            },
                            {
                              "key": "pendingAtHR"
                            },
                            {
                              "key": "pendingAtFinance1"
                            },
                            {
                              "key": "reject"
                            },
                            {
                              "key": "cancel"
                            },
                            {
                              "key": "approved"
                            }
                          ]
                        },
                        {
                          "id": 41375,
                          "key": "reject",
                          "objectStateTransitions": [
                            {
                              "key": "draft"
                            },
                            {
                              "key": "pendingAtCSManager"
                            },
                            {
                              "key": "pendingAtSalesPerson"
                            },
                            {
                              "key": "pendingAtSalesDirector"
                            },
                            {
                              "key": "pendingAtFinanceController"
                            },
                            {
                              "key": "pendingAtGM"
                            },
                            {
                              "key": "pendingAtHR"
                            },
                            {
                              "key": "pendingAtFinance1"
                            },
                            {
                              "key": "pendingAtFinance2"
                            },
                            {
                              "key": "cancel"
                            },
                            {
                              "key": "approved"
                            }
                          ]
                        },
                        {
                          "id": 41376,
                          "key": "cancel",
                          "objectStateTransitions": [
                            {
                              "key": "draft"
                            },
                            {
                              "key": "pendingAtCSManager"
                            },
                            {
                              "key": "pendingAtSalesPerson"
                            },
                            {
                              "key": "pendingAtSalesDirector"
                            },
                            {
                              "key": "pendingAtFinanceController"
                            },
                            {
                              "key": "pendingAtGM"
                            },
                            {
                              "key": "pendingAtHR"
                            },
                            {
                              "key": "pendingAtFinance1"
                            },
                            {
                              "key": "pendingAtFinance2"
                            },
                            {
                              "key": "reject"
                            },
                            {
                              "key": "approved"
                            }
                          ]
                        },
                        {
                          "id": 41377,
                          "key": "approved",
                          "objectStateTransitions": [
                            {
                              "key": "draft"
                            },
                            {
                              "key": "pendingAtCSManager"
                            },
                            {
                              "key": "pendingAtSalesPerson"
                            },
                            {
                              "key": "pendingAtSalesDirector"
                            },
                            {
                              "key": "pendingAtFinanceController"
                            },
                            {
                              "key": "pendingAtGM"
                            },
                            {
                              "key": "pendingAtHR"
                            },
                            {
                              "key": "pendingAtFinance1"
                            },
                            {
                              "key": "pendingAtFinance2"
                            },
                            {
                              "key": "reject"
                            },
                            {
                              "key": "cancel"
                            }
                          ]
                        }
                      ]
                    }
                  },
                  {
                    "name": "defaultValueType",
                    "value": "inputAsValue"
                  },
                  {
                    "name": "defaultValue",
                    "value": "draft"
                  }
                ],
                "readOnly": "false",
                "readOnlyConditionExpression": "",
                "required": true,
                "state": true,
                "system": false,
                "type": "String",
                "unique": false
              }
            ],
            "objectFolderExternalReferenceCode": "e7eaf006-0e83-5aeb-e414-b79ffe3128ba",
            "objectLayouts": [],
            "objectRelationships": [
              {
                "deletionType": "prevent",
                "externalReferenceCode": "0f9f6f40-b7c1-d458-c7c0-9887e961864b",
                "id": 32522,
                "label": {
                  "en_US": "note-item"
                },
                "name": "noteitem",
                "objectDefinitionExternalReferenceCode1": "ca8f6913-f271-700f-798e-352f017f8d05",
                "objectDefinitionExternalReferenceCode2": "e56f30e3-1e42-f6b9-08e5-9e73cd3170a5",
                "objectDefinitionId1": 32186,
                "objectDefinitionId2": 32136,
                "objectDefinitionModifiable2": true,
                "objectDefinitionName2": "CreditDebitItem",
                "objectDefinitionSystem2": false,
                "objectField": {
                  "DBType": "Long",
                  "businessType": "Relationship",
                  "externalReferenceCode": "0e7e200c-d479-25af-a7db-0f46d239d1f6",
                  "id": 32523,
                  "indexed": true,
                  "indexedAsKeyword": false,
                  "indexedLanguageId": "",
                  "label": {
                    "en_US": "note-item"
                  },
                  "listTypeDefinitionId": 0,
                  "localized": false,
                  "name": "r_noteitem_c_creditDebitNoteId",
                  "objectFieldSettings": [
                    {
                      "name": "objectDefinition1ShortName",
                      "value": "CreditDebitNote"
                    },
                    {
                      "name": "objectRelationshipERCObjectFieldName",
                      "value": "r_noteitem_c_creditDebitNoteERC"
                    }
                  ],
                  "readOnly": "false",
                  "readOnlyConditionExpression": "",
                  "relationshipType": "oneToMany",
                  "required": false,
                  "state": false,
                  "system": false,
                  "type": "Long",
                  "unique": false
                },
                "parameterObjectFieldId": 0,
                "parameterObjectFieldName": "",
                "reverse": false,
                "system": false,
                "type": "oneToMany"
              },
              {
                "deletionType": "prevent",
                "externalReferenceCode": "8f063011-91ce-615c-1f50-a546c992024b",
                "id": 32530,
                "label": {
                  "en_US": "note-attachment"
                },
                "name": "noteattachment",
                "objectDefinitionExternalReferenceCode1": "ca8f6913-f271-700f-798e-352f017f8d05",
                "objectDefinitionExternalReferenceCode2": "8b96c7c6-5565-fe92-d110-fc7227c527f8",
                "objectDefinitionId1": 32186,
                "objectDefinitionId2": 32104,
                "objectDefinitionModifiable2": true,
                "objectDefinitionName2": "CNDNAttachment",
                "objectDefinitionSystem2": false,
                "objectField": {
                  "DBType": "Long",
                  "businessType": "Relationship",
                  "externalReferenceCode": "6ce08b65-13cb-378a-08d4-b23e075285ae",
                  "id": 32531,
                  "indexed": true,
                  "indexedAsKeyword": false,
                  "indexedLanguageId": "",
                  "label": {
                    "en_US": "note-attachment"
                  },
                  "listTypeDefinitionId": 0,
                  "localized": false,
                  "name": "r_noteattachment_c_creditDebitNoteId",
                  "objectFieldSettings": [
                    {
                      "name": "objectDefinition1ShortName",
                      "value": "CreditDebitNote"
                    },
                    {
                      "name": "objectRelationshipERCObjectFieldName",
                      "value": "r_noteattachment_c_creditDebitNoteERC"
                    }
                  ],
                  "readOnly": "false",
                  "readOnlyConditionExpression": "",
                  "relationshipType": "oneToMany",
                  "required": false,
                  "state": false,
                  "system": false,
                  "type": "Long",
                  "unique": false
                },
                "parameterObjectFieldId": 0,
                "parameterObjectFieldName": "",
                "reverse": false,
                "system": false,
                "type": "oneToMany"
              }
            ],
            "objectValidationRules": [],
            "objectViews": [],
            "panelCategoryKey": "control_panel.object",
            "pluralLabel": {
              "en_US": "Credit Debit Notes"
            },
            "restContextPath": "/o/c/creditdebitnotes",
            "scope": "company",
            "status": {
              "code": 0,
              "label": "approved",
              "label_i18n": "Approved"
            },
            "system": false,
            "titleObjectFieldName": "id"
          },
          "objectDefinitionExternalReferenceCode": "ca8f6913-f271-700f-798e-352f017f8d05",
          "positionX": 802,
          "positionY": 28
        },
        {
          "linkedObjectDefinition": false,
          "objectDefinition": {
            "active": true,
            "defaultLanguageId": "en_US",
            "enableCategorization": true,
            "externalReferenceCode": "fc7b97dc-2916-528b-b8b4-bc5abccd4d6c",
            "id": 32418,
            "label": {
              "en_US": "Digitus Customer"
            },
            "modifiable": true,
            "name": "DigitusCustomer",
            "objectActions": [],
            "objectFields": [
              {
                "DBType": "String",
                "businessType": "Text",
                "externalReferenceCode": "b1474923-e9b3-0ea2-281f-474c8a69d387",
                "id": 32420,
                "indexed": false,
                "indexedAsKeyword": false,
                "indexedLanguageId": "",
                "label": {
                  "en_US": "Author"
                },
                "listTypeDefinitionId": 0,
                "localized": false,
                "name": "creator",
                "objectFieldSettings": [],
                "readOnly": "true",
                "readOnlyConditionExpression": "",
                "required": false,
                "state": false,
                "system": true,
                "type": "String",
                "unique": false
              },
              {
                "DBType": "Date",
                "businessType": "Date",
                "externalReferenceCode": "658735e8-bd83-208b-de15-de3c48450942",
                "id": 32422,
                "indexed": false,
                "indexedAsKeyword": false,
                "indexedLanguageId": "",
                "label": {
                  "en_US": "Create Date"
                },
                "listTypeDefinitionId": 0,
                "localized": false,
                "name": "createDate",
                "objectFieldSettings": [],
                "readOnly": "true",
                "readOnlyConditionExpression": "",
                "required": false,
                "state": false,
                "system": true,
                "type": "Date",
                "unique": false
              },
              {
                "DBType": "String",
                "businessType": "Text",
                "externalReferenceCode": "536b189c-f2e6-5ad6-cbfb-207fe5ffee79",
                "id": 32424,
                "indexed": false,
                "indexedAsKeyword": false,
                "indexedLanguageId": "",
                "label": {
                  "en_US": "External Reference Code"
                },
                "listTypeDefinitionId": 0,
                "localized": false,
                "name": "externalReferenceCode",
                "objectFieldSettings": [],
                "readOnly": "false",
                "readOnlyConditionExpression": "",
                "required": false,
                "state": false,
                "system": true,
                "type": "String",
                "unique": false
              },
              {
                "DBType": "Long",
                "businessType": "LongInteger",
                "externalReferenceCode": "fa31ac34-994e-f5d0-4eae-083a8c5ce757",
                "id": 32426,
                "indexed": true,
                "indexedAsKeyword": true,
                "indexedLanguageId": "",
                "label": {
                  "en_US": "ID"
                },
                "listTypeDefinitionId": 0,
                "localized": false,
                "name": "id",
                "objectFieldSettings": [],
                "readOnly": "true",
                "readOnlyConditionExpression": "",
                "required": false,
                "state": false,
                "system": true,
                "type": "Long",
                "unique": false
              },
              {
                "DBType": "Date",
                "businessType": "Date",
                "externalReferenceCode": "283f72e9-b176-4e1c-6336-be238b483cb6",
                "id": 32428,
                "indexed": false,
                "indexedAsKeyword": false,
                "indexedLanguageId": "",
                "label": {
                  "en_US": "Modified Date"
                },
                "listTypeDefinitionId": 0,
                "localized": false,
                "name": "modifiedDate",
                "objectFieldSettings": [],
                "readOnly": "true",
                "readOnlyConditionExpression": "",
                "required": false,
                "state": false,
                "system": true,
                "type": "Date",
                "unique": false
              },
              {
                "DBType": "String",
                "businessType": "Text",
                "externalReferenceCode": "50923ac9-0f0c-7dc3-fffe-085abd2b101c",
                "id": 32430,
                "indexed": false,
                "indexedAsKeyword": false,
                "indexedLanguageId": "",
                "label": {
                  "en_US": "Status"
                },
                "listTypeDefinitionId": 0,
                "localized": false,
                "name": "status",
                "objectFieldSettings": [],
                "readOnly": "true",
                "readOnlyConditionExpression": "",
                "required": false,
                "state": false,
                "system": true,
                "type": "String",
                "unique": false
              },
              {
                "DBType": "String",
                "businessType": "Text",
                "externalReferenceCode": "cc0c8337-2a9f-c14a-e48a-f073c7a1623c",
                "id": 32438,
                "indexed": true,
                "indexedAsKeyword": false,
                "indexedLanguageId": "en_US",
                "label": {
                  "en_US": "Customer Name"
                },
                "listTypeDefinitionId": 0,
                "localized": false,
                "name": "customerName",
                "objectFieldSettings": [],
                "readOnly": "false",
                "readOnlyConditionExpression": "",
                "required": true,
                "state": false,
                "system": false,
                "type": "String",
                "unique": false
              },
              {
                "DBType": "String",
                "businessType": "Text",
                "externalReferenceCode": "e3978f33-df88-5af8-9928-c2f291b87e6c",
                "id": 32440,
                "indexed": true,
                "indexedAsKeyword": false,
                "indexedLanguageId": "en_US",
                "label": {
                  "en_US": "Customer Code"
                },
                "listTypeDefinitionId": 0,
                "localized": false,
                "name": "customerCode",
                "objectFieldSettings": [],
                "readOnly": "false",
                "readOnlyConditionExpression": "",
                "required": true,
                "state": false,
                "system": false,
                "type": "String",
                "unique": false
              },
              {
                "DBType": "String",
                "businessType": "Text",
                "externalReferenceCode": "ccb8ec56-0205-41d8-d241-dbfd319c339c",
                "id": 32442,
                "indexed": true,
                "indexedAsKeyword": false,
                "indexedLanguageId": "en_US",
                "label": {
                  "en_US": "Sales Director Name"
                },
                "listTypeDefinitionId": 0,
                "localized": false,
                "name": "salesDirectorName",
                "objectFieldSettings": [],
                "readOnly": "false",
                "readOnlyConditionExpression": "",
                "required": true,
                "state": false,
                "system": false,
                "type": "String",
                "unique": false
              },
              {
                "DBType": "String",
                "businessType": "Text",
                "externalReferenceCode": "5f524f36-c6e6-567b-e556-15b2723bc764",
                "id": 32444,
                "indexed": true,
                "indexedAsKeyword": false,
                "indexedLanguageId": "en_US",
                "label": {
                  "en_US": "Sales Director Email"
                },
                "listTypeDefinitionId": 0,
                "localized": false,
                "name": "salesDirectorEmail",
                "objectFieldSettings": [],
                "readOnly": "false",
                "readOnlyConditionExpression": "",
                "required": true,
                "state": false,
                "system": false,
                "type": "String",
                "unique": false
              },
              {
                "DBType": "String",
                "businessType": "Text",
                "externalReferenceCode": "cd39f8f2-ea28-ad55-34d8-fd3167d5b8c9",
                "id": 32446,
                "indexed": true,
                "indexedAsKeyword": false,
                "indexedLanguageId": "en_US",
                "label": {
                  "en_US": "Finance Controller Name"
                },
                "listTypeDefinitionId": 0,
                "localized": false,
                "name": "financeControllerName",
                "objectFieldSettings": [],
                "readOnly": "false",
                "readOnlyConditionExpression": "",
                "required": true,
                "state": false,
                "system": false,
                "type": "String",
                "unique": false
              },
              {
                "DBType": "String",
                "businessType": "Text",
                "externalReferenceCode": "5e7acf9c-6e8f-f175-4805-276d8f0cab65",
                "id": 32448,
                "indexed": true,
                "indexedAsKeyword": false,
                "indexedLanguageId": "en_US",
                "label": {
                  "en_US": "Finance Controller Email"
                },
                "listTypeDefinitionId": 0,
                "localized": false,
                "name": "financeControllerEmail",
                "objectFieldSettings": [],
                "readOnly": "false",
                "readOnlyConditionExpression": "",
                "required": true,
                "state": false,
                "system": false,
                "type": "String",
                "unique": false
              },
              {
                "DBType": "String",
                "businessType": "Text",
                "externalReferenceCode": "d1651931-b7a3-70c0-f0a4-92ec4856f056",
                "id": 32450,
                "indexed": true,
                "indexedAsKeyword": false,
                "indexedLanguageId": "en_US",
                "label": {
                  "en_US": "General Manager Name"
                },
                "listTypeDefinitionId": 0,
                "localized": false,
                "name": "generalManagerName",
                "objectFieldSettings": [],
                "readOnly": "false",
                "readOnlyConditionExpression": "",
                "required": true,
                "state": false,
                "system": false,
                "type": "String",
                "unique": false
              },
              {
                "DBType": "String",
                "businessType": "Text",
                "externalReferenceCode": "70e5a551-fcb1-86f3-9337-c278d1d073d0",
                "id": 32452,
                "indexed": true,
                "indexedAsKeyword": false,
                "indexedLanguageId": "en_US",
                "label": {
                  "en_US": "General Manager Email"
                },
                "listTypeDefinitionId": 0,
                "localized": false,
                "name": "generalManagerEmail",
                "objectFieldSettings": [],
                "readOnly": "false",
                "readOnlyConditionExpression": "",
                "required": true,
                "state": false,
                "system": false,
                "type": "String",
                "unique": false
              },
              {
                "DBType": "Long",
                "businessType": "LongInteger",
                "externalReferenceCode": "8d6b5fba-7db5-3f9f-046b-a7b91005bd5e",
                "id": 38867,
                "indexed": true,
                "indexedAsKeyword": false,
                "indexedLanguageId": "",
                "label": {
                  "en_US": "Sales Director UserId"
                },
                "listTypeDefinitionId": 0,
                "localized": false,
                "name": "salesDirectorUserId",
                "objectFieldSettings": [],
                "readOnly": "false",
                "readOnlyConditionExpression": "",
                "required": false,
                "state": false,
                "system": false,
                "type": "Long",
                "unique": false
              },
              {
                "DBType": "Long",
                "businessType": "LongInteger",
                "externalReferenceCode": "54d6dfa4-f940-c1d7-734d-cb96dacb56c0",
                "id": 38869,
                "indexed": true,
                "indexedAsKeyword": false,
                "indexedLanguageId": "",
                "label": {
                  "en_US": "Finance Controller UserId"
                },
                "listTypeDefinitionId": 0,
                "localized": false,
                "name": "financeControllerUserId",
                "objectFieldSettings": [],
                "readOnly": "false",
                "readOnlyConditionExpression": "",
                "required": false,
                "state": false,
                "system": false,
                "type": "Long",
                "unique": false
              },
              {
                "DBType": "Long",
                "businessType": "LongInteger",
                "externalReferenceCode": "871fd9d2-d84f-3938-27a8-092d9f4ce6b9",
                "id": 38871,
                "indexed": true,
                "indexedAsKeyword": false,
                "indexedLanguageId": "",
                "label": {
                  "en_US": "General Manager UserId"
                },
                "listTypeDefinitionId": 0,
                "localized": false,
                "name": "generalManagerUserId",
                "objectFieldSettings": [],
                "readOnly": "false",
                "readOnlyConditionExpression": "",
                "required": false,
                "state": false,
                "system": false,
                "type": "Long",
                "unique": false
              }
            ],
            "objectFolderExternalReferenceCode": "e7eaf006-0e83-5aeb-e414-b79ffe3128ba",
            "objectLayouts": [],
            "objectRelationships": [],
            "objectValidationRules": [],
            "objectViews": [],
            "panelCategoryKey": "control_panel.object",
            "pluralLabel": {
              "en_US": "Digitus Customers"
            },
            "restContextPath": "/o/c/digituscustomers",
            "scope": "company",
            "status": {
              "code": 0,
              "label": "approved",
              "label_i18n": "Approved"
            },
            "system": false,
            "titleObjectFieldName": "id"
          },
          "objectDefinitionExternalReferenceCode": "fc7b97dc-2916-528b-b8b4-bc5abccd4d6c",
          "positionX": 0,
          "positionY": 0
        }
      ]
    }
  ]
}