{"active":true,"objectActions":[],"label":{"en_US":"Breadcrumb-Folder Mapping Audit"},"panelCategoryKey":"control_panel.object","pluralLabel":{"en_US":"Breadcrumb-Folder Mapping Audits"},"objectLayouts":[],"system":false,"objectViews":[],"objectFields":[{"indexed":true,"defaultValue":"","objectFieldSettings":[],"DBType":"Date","label":{"en_US":"Action Date"},"type":"Date","required":false,"indexedAsKeyword":false,"system":false,"indexedLanguageId":"","name":"actionDate","state":false,"businessType":"Date"},{"indexed":true,"defaultValue":"","objectFieldSettings":[{"name":"showCounter","value":"false"}],"DBType":"Clob","label":{"en_US":"Additional Information"},"type":"Clob","required":false,"indexedAsKeyword":false,"system":false,"indexedLanguageId":"","name":"additionalInformation","state":false,"businessType":"LongText"},{"indexed":true,"defaultValue":"","objectFieldSettings":[],"DBType":"Long","label":{"en_US":"Current Folder Id"},"type":"Long","required":false,"indexedAsKeyword":false,"system":false,"indexedLanguageId":"","name":"currentFolderId","state":false,"businessType":"LongInteger"},{"indexed":true,"defaultValue":"","objectFieldSettings":[{"name":"showCounter","value":"false"}],"DBType":"String","label":{"en_US":"Current Status"},"type":"String","required":false,"indexedAsKeyword":false,"system":false,"indexedLanguageId":"en_US","name":"currentStatus","state":false,"businessType":"Text"},{"indexed":true,"defaultValue":"","objectFieldSettings":[],"DBType":"Long","label":{"en_US":"Previous Folder Id"},"type":"Long","required":false,"indexedAsKeyword":false,"system":false,"indexedLanguageId":"","name":"previousFolderId","state":false,"businessType":"LongInteger"},{"indexed":true,"defaultValue":"","objectFieldSettings":[{"name":"showCounter","value":"false"}],"DBType":"String","label":{"en_US":"Previous Status"},"type":"String","required":false,"indexedAsKeyword":false,"system":false,"indexedLanguageId":"en_US","name":"previousStatus","state":false,"businessType":"Text"},{"indexed":true,"defaultValue":"","objectFieldSettings":[{"name":"showCounter","value":"false"}],"DBType":"String","label":{"en_US":"User Action"},"type":"String","required":true,"indexedAsKeyword":false,"system":false,"indexedLanguageId":"en_US","name":"userAction","state":false,"businessType":"Text"},{"indexed":true,"defaultValue":"","objectFieldSettings":[{"name":"showCounter","value":"false"}],"DBType":"String","label":{"en_US":"User Details"},"type":"String","required":false,"indexedAsKeyword":false,"system":false,"indexedLanguageId":"en_US","name":"userDetails","state":false,"businessType":"Text"}],"scope":"company","name":"BreadcrumbFolderMappingAudit","portlet":false,"actions":{"permissions":{},"get":{},"update":{},"delete":{}},"status":{"label_i18n":"Approved","code":0,"label":"approved"}}