{"active":true,"objectActions":[],"label":{"en_US":"Breadcrumb-Folder Mapping"},"panelCategoryKey":"control_panel.object","pluralLabel":{"en_US":"Breadcrumb-Folder Mappings"},"objectLayouts":[],"system":false,"objectViews":[],"objectFields":[{"indexed":true,"defaultValue":"","objectFieldSettings":[],"DBType":"Boolean","label":{"en_US":"Active"},"type":"Boolean","required":true,"indexedAsKeyword":false,"system":false,"indexedLanguageId":"","name":"active","state":false,"businessType":"Boolean"},{"indexed":true,"defaultValue":"","objectFieldSettings":[],"DBType":"Long","label":{"en_US":"Folder Id"},"type":"Long","required":true,"indexedAsKeyword":false,"system":false,"indexedLanguageId":"","name":"folderId","state":false,"businessType":"LongInteger"},{"indexed":true,"defaultValue":"","objectFieldSettings":[{"name":"showCounter","value":"false"}],"DBType":"Clob","label":{"en_US":"Layout Breadcrumb"},"type":"Clob","required":false,"indexedAsKeyword":false,"system":false,"indexedLanguageId":"","name":"layoutBreadCrumb","state":false,"businessType":"LongText"},{"indexed":true,"defaultValue":"","objectFieldSettings":[],"DBType":"Long","label":{"en_US":"Layout Plid"},"type":"Long","required":true,"indexedAsKeyword":false,"system":false,"indexedLanguageId":"","name":"layoutPlid","state":false,"businessType":"LongInteger"}],"scope":"company","name":"BreadcrumbFolder","portlet":false,"actions":{"permissions":{},"get":{},"update":{},"delete":{}},"status":{"label_i18n":"Approved","code":0,"label":"approved"}}