{"active":true,"objectActions":[],"label":{"en_US":"Document-API Audit"},"panelCategoryKey":"control_panel.object","pluralLabel":{"en_US":"Document-API Audits"},"objectLayouts":[],"system":false,"objectViews":[],"objectFields":[{"indexed":true,"defaultValue":"","objectFieldSettings":[{"name":"showCounter","value":"false"}],"DBType":"String","label":{"en_US":"Additional Information"},"type":"String","required":false,"indexedAsKeyword":false,"system":false,"indexedLanguageId":"en_US","name":"additionalInformation","state":false,"businessType":"Text"},{"indexed":true,"defaultValue":"","objectFieldSettings":[{"name":"showCounter","value":"false"}],"DBType":"String","label":{"en_US":"Client Address"},"type":"String","required":false,"indexedAsKeyword":false,"system":false,"indexedLanguageId":"en_US","name":"clientAddress","state":false,"businessType":"Text"},{"indexed":true,"defaultValue":"","objectFieldSettings":[{"name":"showCounter","value":"false"}],"DBType":"String","label":{"en_US":"End Point"},"type":"String","required":false,"indexedAsKeyword":false,"system":false,"indexedLanguageId":"en_US","name":"endPoint","state":false,"businessType":"Text"},{"indexed":true,"defaultValue":"","objectFieldSettings":[{"name":"showCounter","value":"false"}],"DBType":"String","label":{"en_US":"File Name"},"type":"String","required":false,"indexedAsKeyword":false,"system":false,"indexedLanguageId":"en_US","name":"fileName","state":false,"businessType":"Text"},{"indexed":true,"defaultValue":"","objectFieldSettings":[],"DBType":"Long","label":{"en_US":"File Size"},"type":"Long","required":false,"indexedAsKeyword":false,"system":false,"indexedLanguageId":"","name":"fileSize","state":false,"businessType":"LongInteger"},{"indexed":true,"defaultValue":"","objectFieldSettings":[],"DBType":"Date","label":{"en_US":"Request Date"},"type":"Date","required":false,"indexedAsKeyword":false,"system":false,"indexedLanguageId":"","name":"requestDate","state":false,"businessType":"Date"},{"indexed":true,"defaultValue":"","objectFieldSettings":[{"name":"showCounter","value":"false"}],"DBType":"String","label":{"en_US":"Response Message"},"type":"String","required":false,"indexedAsKeyword":false,"system":false,"indexedLanguageId":"en_US","name":"responseMessage","state":false,"businessType":"Text"},{"indexed":true,"defaultValue":"","objectFieldSettings":[],"DBType":"Integer","label":{"en_US":"Status Code"},"type":"Integer","required":false,"indexedAsKeyword":false,"system":false,"indexedLanguageId":"","name":"statusCode","state":false,"businessType":"Integer"},{"indexed":true,"defaultValue":"","objectFieldSettings":[{"name":"showCounter","value":"false"}],"DBType":"String","label":{"en_US":"User Action"},"type":"String","required":true,"indexedAsKeyword":false,"system":false,"indexedLanguageId":"en_US","name":"userAction","state":false,"businessType":"Text"},{"indexed":true,"defaultValue":"","objectFieldSettings":[{"name":"showCounter","value":"false"}],"DBType":"String","label":{"en_US":"User Details"},"type":"String","required":false,"indexedAsKeyword":false,"system":false,"indexedLanguageId":"en_US","name":"userDetails","state":false,"businessType":"Text"}],"scope":"company","name":"DocumentAPIAudit","portlet":false,"actions":{"permissions":{},"get":{},"update":{},"delete":{}},"status":{"label_i18n":"Approved","code":0,"label":"approved"}}